{"agent_count": 45, "overall_adherence": 96.56630802336305, "overall_quality": 93.10255149093145, "overall_csat": 4.514663387642177, "overall_fcr": 0.917832769750999}